,Eng,Thai,Chinese,Russian
,Headline banner,,,
aboutus_ab,About Us,เกี่ยวกับเรา,关于我们,О нас
home_ab,Home / About Us,หน้าแรก / เกี่ยวกับเรา,首页 / 关于我们,домашняя страница / О нас
,Content,,,
aboutdluck_ab,About D-LUCK PROPERTY,เกี่ยวกับ D-LUCK PROPERTY,关于 D-LUCK PROPERTY,О компании D-LUCK PROPERTY
best_realestateab,Best Real Estate Agent in Pattaya Thailand,นายหน้าอสังหาริมทรัพย์ที่ดีที่สุดในพัทยา ประเทศไทย,泰国芭堤雅最佳房地产经纪人,"Лучший агент по недвижимости в Паттайе, Таиланд"
text_ab,"""Pattaya Condo for Sales | Pattaya Real Estate Agent | D-LUCK PROPERTY

Pattaya Real Estate Specialists - Comprehensive Services for All Locations
D-LUCK PROPERTY specializes in Pattaya condo sales, Pattaya condo rentals, and Pattaya real estate investment. We cover all popular locations with professional services.

Service Areas

Central Pattaya Condos | Jomtien Condos | North Pattaya Condos | Khao Phra Tamnak Condos | Bang Saray Condos | Na Kluea Condos | Sattahip Condos | Ban Amphoe Condos

Our Services

Buy-Sell-Rent Real Estate
Pattaya condo sales in all price ranges
Pattaya condo rentals - short and long term
Condo rental management with guaranteed returns
Investment consultation and market analysis

Our Strengths

10+ years of experience in the Pattaya market
Professional team with complete licensing
Complete database of all projects in Pattaya
Transparent service with no hidden fees

Contact Us Today

Start investing in Pattaya condos with specialists you can trust
Free consultation for Pattaya condo sales, Pattaya condo rentals, Pattaya real estate investment in all locations in Pattaya, Jomtien, Khao Phra Tamnak, and nearby areas""","ขายคอนโดพัทยา | ตัวแทนอสังหาริมทรัพย์พัทยา | D-LUCK PROPERTY
ผู้เชี่ยวชาญด้านอสังหาริมทรัพย์พัทยา - บริการครบวงจรทุกทำเล
D-LUCK PROPERTY เชี่ยวชาญขายคอนโดพัทยา เช่าคอนโดพัทยา และลงทุนอสังหาริมทรัพย์พัทยา ครอบคลุมทุกทำเลยอดนิยม พร้อมบริการแบบมืออาชีพ
พื้นที่ให้บริการ
คอนโดพัทยากลาง | คอนโดจอมเทียน | คอนโดพัทยาเหนือ | คอนโดเขาพระตำหนัก | คอนโดบางเสร่ | คอนโดนาเกลือ | คอนโดสัตหีบ | คอนโดบ้านอำเภอ

บริการของเรา
ซื้อ-ขาย-เช่า อสังหาริมทรัพย์

ขายคอนโดพัทยา ทุกช่วงราคา
เช่าคอนโดพัทยา ระยะสั้น-ยาว
บริหารคอนโดให้เช่า รับประกันผลตอบแทน
คำปรึกษาการลงทุนและวิเคราะห์ตลาด

จุดเด่นของเรา

ประสบการณ์ 10+ ปี ในตลาดพัทยา
ทีมงานมืออาชีพ ใบอนุญาตครบถ้วน
ฐานข้อมูลครบ ทุกโครงการในพัทยา
บริการโปร่งใส ไม่มีค่าใช้จ้ายแอบแฝง

ติดต่อเราวันนี้
เริ่มลงทุนคอนโดพัทยากับผู้เชี่ยวชาญที่คุณไว้วางใจ
คำปรึกษาฟรีขายคอนโดพัทยา เช่าคอนโดพัทยา ลงทุนอสังหาริมทรัพย์พัทยา ทุกทำเลในพัทยา จอมเทียน เขาพระตำหนัก และพื้นที่ใกล้เคียง","芭堤雅公寓出售 | 芭堤雅房地产经纪人 | D-LUCK PROPERTY

芭堤雅房地产专家 - 全方位服务，覆盖所有地区
D-LUCK PROPERTY 专注于芭堤雅公寓销售、租赁和房地产投资。我们提供覆盖所有热门地区的专业服务。

服务区域

芭堤雅中心区公寓 | 中天区公寓 | 芭堤雅北部区公寓 | 考帕塔纳克区公寓 | 邦萨拉区公寓 | 纳克鲁亚区公寓 | 梭桃邑区公寓 | Ban Amphoe 公寓

我们的服务

买卖租赁房地产
芭堤雅各价位公寓出售
芭堤雅公寓租赁 - 短期和长期
保障回报的公寓租赁管理
投资咨询和市场分析

我们的优势

芭堤雅市场10年以上经验
拥有完整执照的专业团队
芭堤雅所有项目的完整数据库
透明服务，无隐藏费用

立即联系我们

开始投资芭堤雅公寓，与我们值得信赖的专家合作
芭堤雅公寓出售、公寓租赁、房地产投资，芭堤雅、宗滴恩、考帕塔纳克及周边地区均提供免费咨询","Продажа кондоминиумов в Паттайе | Агент по недвижимости в Паттайе | D-LUCK PROPERTY

Специалисты по недвижимости в Паттайе — комплексные услуги для всех локаций
D-LUCK PROPERTY специализируется на продаже кондоминиумов в Паттайе, аренде кондоминиумов в Паттайе и инвестициях в недвижимость в Паттайе. Мы предоставляем профессиональные услуги во всех популярных локациях.

Области обслуживания

Кондоминиумы в центральной Паттайе | Кондоминиумы в Джомтьене | Кондоминиумы в Северной Паттайе | Кондоминиумы в Кхао Пра Тамнак | Кондоминиумы в Банг Сарай | Кондоминиумы в На Клуеа | Кондоминиумы в Саттахип | Ban Amphoe Condos

Наши услуги

Купля-продажа-аренда недвижимости
Продажа квартир в Паттайе во всех ценовых диапазонах
Аренда квартир в Паттайе — краткосрочная и долгосрочная
Управление арендой квартир с гарантированной прибылью
Инвестиционные консультации и анализ рынка

Наши сильные стороны

10+ лет опыта на рынке Паттайи
Профессиональная команда с полным лицензированием
Полная база данных всех проектов в Паттайе
Прозрачное обслуживание без скрытых платежей

Свяжитесь с нами сегодня

Начните инвестировать в квартиры в Паттайе со специалистами, которым вы можете доверять
Бесплатная консультация по продаже квартир в Паттайе, аренде квартир в Паттайе, инвестициям в недвижимость в Паттайе во всех местах в Паттайе, Джомтьене, Као Пра Тамнаке и близлежащих районах"
,Our Services section,,,
,Our Services,,,
,Rental Management,,,
,"Our expert management services protect your investment and optimize your revenue through strategic pricing, efficient operations, and tenant retention.",,,
,Property Management,,,
,Reliable and efficient management for your valuable assets.,,,
,Finance Realestate with Bank,,,
,Navigate property financing with trusted banking partners.,,,
,Online Marketing,,,
,Maximize your property's visibility and reach the right audience online.,,,
,Build-in & Decorate,,,
,Create your ideal space with our talented construction and interior design services.,,,
,Meet our team section,,,
meetourdeam_ab,Meet Our Team,พบกับทีมงานของเรา,认识我们的团队,Познакомьтесь с нашей командой
ourexperienced_ab,Our experienced consultants are ready to make your property dreams come true.,ที่ปรึกษาผู้เชี่ยวชาญของเรายินดีที่จะทำให้ความฝันด้านอสังหาริมทรัพย์ของคุณเป็นจริง,我们经验丰富的顾问随时准备助您实现置业梦想。,Наши опытные консультанты готовы воплотить ваши мечты о недвижимости в реальность.
oat_supakornab,Oat - Supakorn,โอ๊ต - ศุภกร,Oat - Supakorn,Oat - Supakorn
ceo_founderab,CEO & Founder,CEO & Founder,首席执行官兼创始人,Генеральный директор и основатель
amy_thannareeab,Amy - Thannaree,เอมี่ - ธัญญ์นรี ,Amy - Thannaree,Amy - Thannaree
sale_directorab,Sale Director,Sale Director,销售总监,Директор по продажам
ize_chanyapakab,Ize - Chanyapak,ไอซ์ - ชัญญาภัค ,Ize - Chanyapak,Ize - Chanyapak
sale_managerab,Sale Manager,Sale Manager,销售经理,Менеджер по продажам
bamboo_kunyalukab,Bamboo - Kunyaluk,,Bamboo - Kunyaluk,Bamboo - Kunyaluk
onlinemedia_designab,Online Media Design,,,
min_wanvisaab,Min - Wanvisa,,Min - Wanvisa,Min - Wanvisa
rental_managementab,Rental Management,,,