Eng,Thai,Chinese,Russian
Need more information ?,ต้องการข้อมูลเพิ่มเติมหรือไม่?,需要更多资料吗？,Нужна дополнительная информация?
Please don't hesitate to contact us for assistance.,กรุณาติดต่อเราเพื่อข้อข้อมูลเพิ่มเติม,请与我们联系以获取更多信息,Свяжитесь с нами для получения дополнительной информации
Your Name *,ชื่อ *,姓名 *,Имя *
Email Address *,อีเมล *,邮箱 *,Электронная почта *
Subject *,หัวข้อ *,主题 *,Тема *
Your Message *,ข้อความของคุณ *,您的留言 *,Ваше сообщение *
Send Message,ส่งข้อความ,发送留言 ,отправлять
,,,
Contact our Property Consultant,,,
"Please do not hesitate to contact us if you have any questions about the condo & properties buying, selling or leasing process and for would like to schedule an appointment to view properties in Pattaya.",,,
"Call Us Now
+66(0)95 1432 2345",,,
"Drop a Mail
info@d-luckproperty.com",,,
"Add Friend
Line ID : @dluck or Click",,,